id,label
0,35
1,3
2,3
3,2
4,24
5,0
6,0
7,3
8,29
9,3
10,0
11,0
12,0
13,34
14,0
15,0
16,1
17,21
18,12
19,13
20,35
21,0
22,3
23,1
24,0
25,0
26,0
27,1
28,0
29,1
30,1
31,0
32,0
33,0
34,0
35,11
36,0
37,21
38,25
39,0
40,0
41,3
42,5
43,24
44,0
45,29
46,29
47,0
48,0
49,1
50,34
51,3
52,3
53,14
54,3
55,35
56,1
57,18
58,1
59,0
60,13
61,0
62,0
63,0
64,35
65,35
66,35
67,12
68,18
69,1
70,0
71,3
72,0
73,8
74,13
75,35
76,8
77,12
78,34
79,0
80,0
81,0
82,13
83,0
84,0
85,0
86,0
87,0
88,25
89,12
90,0
91,38
92,35
93,0
94,21
95,21
96,39
97,0
98,34
99,35
100,0
101,0
102,39
103,0
104,8
105,0
106,1
107,13
108,8
109,28
110,0
111,1
112,25
113,1
114,0
115,8
116,0
117,18
118,5
119,0
120,1
121,0
122,0
123,8
124,0
125,35
126,0
127,2
128,3
129,5
130,0
131,18
132,0
133,0
134,2
135,35
136,0
137,6
138,13
139,35
140,8
141,8
142,0
143,1
144,4
145,13
146,0
147,0
148,0
149,0
150,2
151,3
152,13
153,0
154,0
155,35
156,0
157,0
158,0
159,5
160,0
161,0
162,0
163,0
164,0
165,1
166,0
167,35
168,0
169,0
170,1
171,0
172,13
173,0
174,1
175,34
176,3
177,35
178,9
179,0
180,34
181,4
182,39
183,0
184,0
185,1
186,0
187,0
188,39
189,35
190,0
191,28
192,8
193,35
194,0
195,0
196,15
197,3
198,35
199,1
200,0
201,0
202,0
203,35
204,5
205,34
206,24
207,12
208,0
209,0
210,14
211,0
212,0
213,0
214,4
215,1
216,2
217,25
218,34
219,35
220,0
221,34
222,0
223,0
224,0
225,35
226,35
227,0
228,17
229,0
230,3
231,0
232,0
233,25
234,0
235,0
236,0
237,25
238,0
239,0
240,0
241,0
242,35
243,17
244,0
245,34
246,1
247,0
248,35
249,30
250,35
251,1
252,0
253,0
254,1
255,15
256,18
257,21
258,0
259,15
260,0
261,0
262,0
263,1
264,3
265,35
266,0
267,0
268,0
269,0
270,0
271,3
272,0
273,3
274,1
275,1
276,13
277,35
278,0
279,35
280,17
281,3
282,0
283,34
284,0
285,3
286,35
287,13
288,35
289,0
290,0
291,0
292,0
293,3
294,13
295,35
296,12
297,1
298,25
299,0
300,1
301,4
302,0
303,0
304,1
305,13
306,0
307,28
308,0
309,0
310,0
311,0
312,0
313,0
314,0
315,0
316,25
317,3
318,2
319,3
320,13
321,0
322,18
323,1
324,0
325,0
326,1
327,0
328,1
329,38
330,38
331,0
332,0
333,0
334,12
335,35
336,0
337,22
338,12
339,3
340,0
341,0
342,0
343,28
344,1
345,0
346,3
347,1
348,35
349,0
350,24
351,0
352,35
353,0
354,0
355,0
356,4
357,35
358,1
359,35
360,0
361,6
362,0
363,35
364,25
365,35
366,0
367,1
368,2
369,0
370,0
371,0
372,0
373,0
374,0
375,0
376,0
377,0
378,12
379,0
380,0
381,1
382,3
383,3
384,1
385,24
386,0
387,0
388,35
389,0
390,39
391,1
392,38
393,0
394,13
395,0
396,5
397,0
398,0
399,0
400,35
401,0
402,35
403,35
404,35
405,35
406,0
407,2
408,0
409,1
410,0
411,0
412,0
413,0
414,0
415,14
416,0
417,0
418,0
419,0
420,13
421,0
422,1
423,1
424,0
425,2
426,38
427,12
428,0
429,1
430,0
431,0
432,18
433,1
434,3
435,34
436,0
437,34
438,0
439,0
440,17
441,2
442,0
443,21
444,0
445,25
446,5
447,0
448,0
449,0
450,0
451,3
452,0
453,13
454,34
455,0
456,12
457,0
458,0
459,0
460,4
461,21
462,18
463,0
464,0
465,35
466,13
467,8
468,35
469,0
470,0
471,3
472,21
473,35
474,0
475,1
476,1
477,0
478,1
479,21
480,0
481,34
482,0
483,0
484,0
485,0
486,0
487,34
488,35
489,17
490,35
491,0
492,0
493,13
494,25
495,0
496,0
497,18
498,0
499,17
500,35
501,14
502,35
503,0
504,3
505,0
506,2
507,1
508,3
509,35
510,0
511,0
512,0
513,1
514,1
515,1
516,0
517,0
518,1
519,0
520,0
521,0
522,1
523,0
524,0
525,13
526,0
527,35
528,14
529,10
530,0
531,0
532,29
533,0
534,35
535,0
536,25
537,34
538,3
539,34
540,13
541,0
542,1
543,0
544,0
545,0
546,0
547,0
548,0
549,29
550,5
551,3
552,0
553,29
554,21
555,1
556,12
557,3
558,30
559,0
560,12
561,0
562,0
563,0
564,0
565,0
566,0
567,5
568,0
569,0
570,8
571,5
572,1
573,0
574,0
575,0
576,35
577,0
578,18
579,0
580,3
581,3
582,1
583,1
584,0
585,1
586,3
587,35
588,5
589,1
590,0
591,3
592,35
593,0
594,35
595,16
596,0
597,0
598,21
599,0
600,39
601,0
602,35
603,0
604,1
605,3
606,0
607,0
608,1
609,35
610,1
611,29
612,0
613,1
614,0
615,36
616,1
617,0
618,0
619,0
620,0
621,1
622,0
623,35
624,3
625,0
626,5
627,35
628,1
629,21
630,1
631,0
632,8
633,13
634,0
635,0
636,3
637,0
638,0
639,0
640,0
641,3
642,5
643,25
644,0
645,0
646,25
647,0
648,35
649,5
650,35
651,38
652,35
653,0
654,35
655,30
656,0
657,7
658,1
659,0
660,35
661,0
662,35
663,0
664,0
665,0
666,1
667,35
668,0
669,0
670,0
671,0
672,35
673,0
674,1
675,0
676,35
677,1
678,29
679,0
680,1
681,0
682,35
683,0
684,0
685,0
686,39
687,3
688,29
689,1
690,10
691,0
692,38
693,0
694,18
695,0
696,1
697,34
698,0
699,0
700,35
701,0
702,0
703,0
704,36
705,1
706,34
707,0
708,38
709,0
710,35
711,0
712,0
713,0
714,13
715,1
716,0
717,0
718,35
719,0
720,0
721,0
722,0
723,35
724,3
725,0
726,0
727,35
728,0
729,0
730,35
731,6
732,9
733,6
734,35
735,34
736,0
737,34
738,35
739,0
740,1
741,1
742,35
743,1
744,12
745,6
746,0
747,0
748,0
749,17
750,25
751,3
752,1
753,17
754,35
755,21
756,0
757,0
758,0
759,0
760,30
761,3
762,0
763,0
764,6
765,0
766,1
767,0
768,0
769,3
770,0
771,6
772,39
773,0
774,0
775,35
776,0
777,35
778,0
779,0
780,0
781,0
782,0
783,0
784,23
785,3
786,5
787,0
788,8
789,0
790,3
791,35
792,0
793,3
794,35
795,6
796,35
797,5
798,1
799,22
800,1
801,0
802,1
803,1
804,0
805,10
806,0
807,0
808,0
809,0
810,3
811,35
812,3
813,0
814,0
815,0
816,0
817,1
818,4
819,1
820,35
821,0
822,0
823,5
824,34
825,6
826,0
827,0
828,1
829,8
830,35
831,21
832,35
833,35
834,35
835,17
836,0
837,25
838,1
839,3
840,0
841,0
842,3
843,35
844,0
845,16
846,15
847,0
848,4
849,25
850,0
851,0
852,0
853,0
854,35
855,3
856,13
857,0
858,36
859,4
860,0
861,37
862,0
863,0
864,10
865,1
866,35
867,21
868,0
869,35
870,0
871,18
872,25
873,0
874,0
875,0
876,13
877,1
878,1
879,0
880,0
881,1
882,35
883,0
884,0
885,0
886,17
887,0
888,3
889,35
890,0
891,0
892,1
893,1
894,17
895,0
896,1
897,1
898,0
899,29
900,4
901,0
902,39
903,0
904,4
905,0
906,3
907,0
908,1
909,0
910,0
911,0
912,0
913,24
914,38
915,35
916,13
917,0
918,1
919,3
920,13
921,8
922,1
923,29
924,1
925,0
926,35
927,5
928,0
929,1
930,0
931,0
932,1
933,3
934,39
935,35
936,0
937,22
938,0
939,0
940,0
941,35
942,35
943,0
944,0
945,24
946,29
947,5
948,0
949,0
950,0
951,34
952,0
953,39
954,0
955,35
956,0
957,0
958,0
959,0
960,0
961,25
962,1
963,0
964,0
965,0
966,0
967,5
968,1
969,3
970,1
971,1
972,25
973,1
974,0
975,0
976,1
977,0
978,0
979,17
980,35
981,12
982,1
983,1
984,12
985,13
986,35
987,0
988,0
989,35
990,24
991,0
992,0
993,24
994,0
995,0
996,30
997,1
998,0
999,1
1000,35
1001,0
1002,9
1003,18
1004,13
1005,0
1006,35
1007,2
1008,35
1009,0
1010,0
1011,1
1012,35
1013,0
1014,0
1015,0
1016,0
1017,29
1018,0
1019,39
1020,1
1021,1
1022,0
1023,4
1024,37
1025,0
1026,0
1027,35
1028,8
1029,0
1030,4
1031,10
1032,35
1033,1
1034,4
1035,12
1036,4
1037,35
1038,35
1039,0
1040,35
1041,35
1042,0
1043,29
1044,0
1045,25
1046,29
1047,8
1048,34
1049,0
1050,1
1051,35
1052,0
1053,0
1054,1
1055,0
1056,0
1057,35
1058,30
1059,35
1060,34
1061,3
1062,0
1063,1
1064,35
1065,0
1066,17
1067,21
1068,10
1069,0
1070,0
1071,35
1072,0
1073,0
1074,1
1075,35
1076,0
1077,1
1078,13
1079,35
1080,1
1081,3
1082,29
1083,24
1084,0
1085,13
1086,1
1087,1
1088,30
1089,4
1090,0
1091,25
1092,0
1093,0
1094,4
1095,39
1096,25
1097,0
1098,6
1099,10
1100,39
1101,3
1102,35
1103,0
1104,0
1105,3
1106,0
1107,0
1108,5
1109,3
1110,10
1111,1
1112,0
1113,35
1114,0
1115,35
1116,0
1117,3
1118,1
1119,12
1120,0
1121,0
1122,0
1123,0
1124,21
1125,0
1126,0
1127,0
1128,1
1129,2
1130,0
1131,0
1132,0
1133,3
1134,24
1135,1
1136,0
1137,5
1138,35
1139,35
1140,0
1141,0
1142,35
1143,0
1144,0
1145,3
1146,0
1147,35
1148,0
1149,1
1150,36
1151,39
1152,0
1153,0
1154,35
1155,1
1156,1
1157,0
1158,1
1159,0
1160,35
1161,0
1162,35
1163,0
1164,0
1165,0
1166,34
1167,0
1168,5
1169,0
1170,5
1171,0
1172,0
1173,0
1174,1
1175,35
1176,34
1177,3
1178,3
1179,0
1180,1
1181,0
1182,1
1183,35
1184,0
1185,34
1186,17
1187,12
1188,0
1189,0
1190,18
1191,0
1192,0
1193,3
1194,0
1195,0
1196,30
1197,0
1198,0
1199,0
1200,1
1201,35
1202,0
1203,38
1204,0
1205,0
1206,1
1207,34
1208,0
1209,3
1210,0
1211,0
1212,3
1213,30
1214,0
1215,21
1216,0
1217,0
1218,0
1219,34
1220,2
1221,30
1222,35
1223,34
1224,0
1225,0
1226,0
1227,35
1228,0
1229,1
1230,0
1231,0
1232,3
1233,0
1234,2
1235,0
1236,0
1237,0
1238,3
1239,0
1240,1
1241,39
1242,2
1243,0
1244,34
1245,0
1246,0
1247,0
1248,0
1249,0
1250,0
1251,0
1252,17
1253,0
1254,0
1255,0
1256,0
1257,35
1258,34
1259,17
1260,35
1261,0
1262,0
1263,0
1264,29
1265,0
1266,8
1267,1
1268,35
1269,1
1270,35
1271,0
1272,0
1273,0
1274,0
1275,0
1276,0
1277,35
1278,0
1279,0
1280,17
1281,0
1282,0
1283,0
1284,0
1285,0
1286,18
1287,0
1288,1
1289,3
1290,34
1291,1
1292,1
1293,0
1294,0
1295,5
1296,0
1297,0
1298,0
1299,35
1300,1
1301,0
1302,35
1303,0
1304,9
1305,35
1306,34
1307,1
1308,1
1309,0
1310,3
1311,35
1312,1
1313,13
1314,0
1315,35
1316,1
1317,0
1318,0
1319,35
1320,35
1321,25
1322,35
1323,37
1324,0
1325,0
1326,21
1327,4
1328,12
1329,35
1330,0
1331,0
1332,1
1333,35
1334,0
1335,35
1336,0
1337,2
1338,0
1339,0
1340,0
1341,13
1342,0
1343,0
1344,38
1345,3
1346,3
1347,0
1348,0
1349,0
1350,0
1351,25
1352,35
1353,5
1354,0
1355,0
1356,1
1357,14
1358,5
1359,0
1360,1
1361,0
1362,3
1363,0
1364,34
1365,1
1366,35
1367,0
1368,14
1369,30
1370,0
1371,35
1372,1
1373,35
1374,29
1375,34
1376,35
1377,1
1378,28
1379,0
1380,0
1381,1
1382,0
1383,0
1384,13
1385,0
1386,0
1387,4
1388,13
1389,17
1390,36
1391,3
1392,1
1393,12
1394,0
1395,0
1396,1
1397,0
1398,0
1399,30
1400,38
1401,24
1402,2
1403,0
1404,12
1405,35
1406,35
1407,3
1408,1
1409,0
1410,0
1411,24
1412,5
1413,4
1414,1
1415,35
1416,0
1417,0
1418,0
1419,13
1420,18
1421,0
1422,1
1423,1
1424,0
1425,17
1426,0
1427,21
1428,24
1429,0
1430,0
1431,14
1432,35
1433,0
1434,0
1435,0
1436,0
1437,0
1438,17
1439,0
1440,0
1441,19
1442,0
1443,1
1444,0
1445,34
1446,0
1447,0
1448,0
1449,8
1450,0
1451,0
1452,1
1453,1
1454,1
1455,0
1456,0
1457,0
1458,4
1459,3
1460,2
1461,4
1462,8
1463,0
1464,13
1465,0
1466,0
1467,35
1468,10
1469,0
1470,3
1471,0
1472,0
1473,35
1474,0
1475,0
1476,0
1477,0
1478,0
1479,21
1480,0
1481,13
1482,0
1483,35
1484,1
1485,0
1486,0
1487,0
1488,1
1489,3
1490,0
1491,0
1492,1
1493,0
1494,0
1495,38
1496,0
1497,0
1498,34
1499,0
1500,16
1501,0
1502,3
1503,0
1504,0
1505,34
1506,0
1507,35
1508,35
1509,34
1510,3
1511,0
1512,3
1513,0
1514,35
1515,5
1516,3
1517,1
1518,0
1519,0
1520,0
1521,34
1522,21
1523,5
1524,0
1525,0
1526,0
1527,13
1528,9
1529,35
1530,34
1531,34
1532,0
1533,0
1534,0
1535,0
1536,0
1537,0
1538,21
1539,0
1540,0
1541,0
1542,0
1543,1
1544,0
1545,0
1546,0
1547,1
1548,6
1549,1
1550,3
1551,5
1552,0
1553,0
1554,5
1555,0
1556,35
1557,0
1558,35
1559,0
1560,34
1561,0
1562,0
1563,0
1564,0
1565,8
1566,34
1567,1
1568,13
1569,0
1570,35
1571,11
1572,0
1573,29
1574,0
1575,35
1576,29
1577,35
1578,35
1579,35
1580,18
1581,0
1582,0
1583,0
1584,1
1585,0
1586,3
1587,35
1588,18
1589,35
1590,1
1591,34
1592,0
1593,35
1594,37
1595,0
1596,36
1597,0
1598,0
1599,0
1600,0
1601,0
1602,0
1603,10
1604,35
1605,17
1606,13
1607,35
1608,0
1609,3
1610,0
1611,0
1612,17
1613,0
1614,35
1615,0
1616,18
1617,25
1618,8
1619,0
1620,5
1621,6
1622,24
1623,0
1624,1
1625,0
1626,0
1627,1
1628,35
1629,35
1630,0
1631,0
1632,0
1633,29
1634,0
1635,8
1636,0
1637,0
1638,0
1639,0
1640,2
1641,0
1642,14
1643,0
1644,17
1645,0
1646,0
1647,12
1648,0
1649,0
1650,35
1651,13
1652,3
1653,0
1654,0
1655,3
1656,0
1657,35
1658,0
1659,35
1660,39
1661,6
1662,0
1663,3
1664,29
1665,35
1666,0
1667,0
1668,18
1669,0
1670,0
1671,14
1672,4
1673,1
1674,0
1675,4
1676,35
1677,0
1678,0
1679,17
1680,0
1681,35
1682,3
1683,0
1684,1
1685,17
1686,35
1687,0
1688,0
1689,3
1690,0
1691,0
1692,0
1693,0
1694,0
1695,0
1696,0
1697,0
1698,1
1699,3
1700,1
1701,0
1702,35
1703,0
1704,0
1705,0
1706,0
1707,35
1708,0
1709,2
1710,3
1711,0
1712,3
1713,18
1714,0
1715,36
1716,0
1717,2
1718,3
1719,0
1720,13
1721,1
1722,34
1723,0
1724,18
1725,1
1726,38
1727,0
1728,35
1729,39
1730,4
1731,34
1732,3
1733,35
1734,13
1735,0
1736,13
1737,3
1738,8
1739,15
1740,0
1741,0
1742,29
1743,18
1744,34
1745,6
1746,0
1747,34
1748,3
1749,0
1750,0
1751,0
1752,1
1753,17
1754,0
1755,37
1756,3
1757,12
1758,0
1759,3
1760,39
1761,5
1762,25
1763,0
1764,0
1765,13
1766,0
1767,0
1768,35
1769,34
1770,0
1771,5
1772,35
1773,8
1774,1
1775,0
1776,0
1777,4
1778,35
1779,0
1780,34
1781,35
1782,0
1783,0
1784,0
1785,5
1786,0
1787,30
1788,35
1789,34
1790,1
1791,35
1792,0
1793,0
1794,1
1795,0
1796,1
1797,28
1798,34
1799,3
1800,0
1801,0
1802,0
1803,0
1804,14
1805,8
1806,1
1807,0
1808,0
1809,3
1810,1
1811,0
1812,1
1813,35
1814,1
1815,0
1816,35
1817,1
1818,0
1819,5
1820,35
1821,0
1822,1
1823,1
1824,0
1825,0
1826,0
1827,3
1828,0
1829,0
1830,34
1831,0
1832,1
1833,1
1834,7
1835,1
1836,35
1837,25
1838,0
1839,1
1840,1
1841,18
1842,35
1843,1
1844,0
1845,0
1846,17
1847,35
1848,0
1849,0
1850,9
1851,1
1852,0
1853,18
1854,0
1855,0
1856,35
1857,14
1858,21
1859,35
1860,0
1861,0
1862,0
1863,0
1864,13
1865,0
1866,0
1867,0
1868,13
1869,0
1870,0
1871,35
1872,29
1873,0
1874,0
1875,35
1876,0
1877,9
1878,0
1879,0
1880,1
1881,3
1882,1
1883,0
1884,0
1885,0
1886,34
1887,1
1888,3
1889,0
1890,0
1891,0
1892,14
1893,30
1894,34
1895,13
1896,0
1897,0
1898,0
1899,39
1900,38
1901,0
1902,0
1903,0
1904,0
1905,18
1906,18
1907,1
1908,35
1909,0
1910,0
1911,0
1912,35
1913,29
1914,35
1915,0
1916,35
1917,0
1918,13
1919,0
1920,35
1921,35
1922,0
1923,3
1924,16
1925,35
1926,35
1927,35
1928,0
1929,0
1930,0
1931,6
1932,0
1933,4
1934,1
1935,3
1936,0
1937,0
1938,0
1939,35
1940,21
1941,0
1942,1
1943,2
1944,0
1945,25
1946,18
1947,0
1948,24
1949,1
1950,0
1951,18
1952,0
1953,0
1954,1
1955,0
1956,0
1957,1
1958,35
1959,30
1960,34
1961,17
1962,5
1963,0
1964,35
1965,4
1966,17
1967,35
1968,0
1969,4
1970,0
1971,0
1972,0
1973,35
1974,0
1975,0
1976,0
1977,37
1978,0
1979,0
1980,3
1981,5
1982,35
1983,3
1984,0
1985,35
1986,21
1987,16
1988,18
1989,35
1990,0
1991,1
1992,29
1993,1
1994,25
1995,0
1996,4
1997,9
1998,21
1999,13
2000,35
2001,35
2002,1
2003,35
2004,1
2005,16
2006,35
2007,3
2008,35
2009,0
2010,0
2011,1
2012,38
2013,0
2014,13
2015,0
2016,35
2017,18
2018,0
2019,1
2020,0
2021,18
2022,35
2023,14
2024,35
2025,4
2026,35
2027,0
2028,0
2029,5
2030,0
2031,2
2032,0
2033,35
2034,2
2035,0
2036,38
2037,10
2038,3
2039,0
2040,0
2041,35
2042,35
2043,35
2044,0
2045,35
2046,13
2047,1
2048,0
2049,0
2050,35
2051,0
2052,13
2053,14
2054,5
2055,17
2056,0
2057,18
2058,0
2059,0
2060,0
2061,35
2062,35
2063,0
2064,36
2065,0
2066,0
2067,0
2068,0
2069,0
2070,0
2071,8
2072,14
2073,17
2074,35
2075,35
2076,28
2077,13
2078,0
2079,35
2080,0
2081,0
2082,0
2083,0
2084,15
2085,25
2086,0
2087,0
2088,0
2089,35
2090,35
2091,13
2092,1
2093,35
2094,3
2095,0
2096,0
2097,0
2098,30
2099,35
2100,0
2101,0
2102,35
2103,1
2104,34
2105,35
2106,0
2107,30
2108,1
2109,11
2110,0
2111,13
2112,1
2113,0
2114,34
2115,0
2116,0
2117,3
2118,0
2119,0
2120,28
2121,35
2122,0
2123,2
2124,35
2125,0
2126,35
2127,38
2128,34
2129,0
2130,0
2131,1
2132,0
2133,0
2134,0
2135,35
2136,0
2137,0
2138,0
2139,0
2140,18
2141,0
2142,3
2143,34
2144,0
2145,0
2146,2
2147,13
2148,0
2149,29
2150,0
2151,0
2152,0
2153,4
2154,0
2155,0
2156,1
2157,8
2158,21
2159,25
2160,35
2161,0
2162,21
2163,35
2164,0
2165,21
2166,29
2167,5
2168,1
2169,0
2170,0
2171,35
2172,0
2173,0
2174,0
2175,0
2176,0
2177,0
2178,0
2179,18
2180,0
2181,1
2182,0
2183,0
2184,3
2185,0
2186,0
2187,36
2188,10
2189,34
2190,0
2191,0
2192,35
2193,0
2194,29
2195,18
2196,0
2197,0
2198,21
2199,1
2200,0
2201,0
2202,0
2203,35
2204,15
2205,1
2206,3
2207,35
2208,23
2209,0
2210,0
2211,0
2212,0
2213,1
2214,0
2215,35
2216,34
2217,0
2218,3
2219,24
2220,0
2221,13
2222,0
2223,1
2224,13
2225,35
2226,21
2227,13
2228,0
2229,8
2230,34
2231,4
2232,0
2233,0
2234,21
2235,0
2236,1
2237,0
2238,29
2239,0
2240,1
2241,1
2242,35
2243,0
2244,1
2245,35
2246,0
2247,1
2248,5
2249,35
2250,1
2251,18
2252,0
2253,0
2254,0
2255,0
2256,0
2257,10
2258,0
2259,0
2260,0
2261,0
2262,1
2263,0
2264,0
2265,8
2266,0
2267,0
2268,0
2269,10
2270,0
2271,0
2272,0
2273,1
2274,1
2275,0
2276,10
2277,29
2278,39
2279,0
2280,1
2281,35
2282,34
2283,21
2284,34
2285,35
2286,10
2287,0
2288,35
2289,38
2290,0
2291,3
2292,16
2293,3
2294,1
2295,35
2296,13
2297,0
2298,0
2299,1
2300,3
2301,3
2302,1
2303,1
2304,18
2305,34
2306,0
2307,3
2308,0
2309,1
2310,35
2311,34
2312,0
2313,0
2314,34
2315,35
2316,1
2317,0
2318,0
2319,0
2320,1
2321,18
2322,0
2323,3
2324,7
2325,35
2326,0
2327,34
2328,29
2329,1
2330,0
2331,21
2332,0
2333,0
2334,0
2335,0
2336,3
2337,13
2338,1
2339,23
2340,35
2341,0
2342,22
2343,18
2344,0
2345,1
2346,34
2347,1
2348,5
2349,5
2350,0
2351,0
2352,0
2353,17
2354,10
2355,3
2356,35
2357,1
2358,1
2359,38
2360,0
2361,12
2362,0
2363,35
2364,0
2365,0
2366,35
2367,39
2368,13
2369,0
2370,17
2371,0
2372,17
2373,0
2374,0
2375,11
2376,0
2377,1
2378,0
2379,0
2380,0
2381,0
2382,0
2383,0
2384,1
2385,0
2386,1
2387,1
2388,34
2389,35
2390,0
2391,3
2392,3
2393,1
2394,0
2395,0
2396,0
2397,0
2398,0
2399,0
2400,29
2401,2
2402,35
2403,0
2404,0
2405,0
2406,0
2407,0
2408,1
2409,1
2410,6
2411,3
2412,8
2413,35
2414,0
2415,0
2416,35
2417,3
2418,0
2419,1
2420,0
2421,0
2422,0
2423,3
2424,0
2425,0
2426,11
2427,10
2428,0
2429,3
2430,0
2431,0
2432,0
2433,35
2434,0
2435,0
2436,0
2437,0
2438,37
2439,0
2440,1
2441,38
2442,34
2443,35
2444,21
2445,0
2446,0
2447,3
2448,0
2449,3
2450,0
2451,0
2452,35
2453,0
2454,35
2455,1
2456,1
2457,17
2458,4
2459,35
2460,1
2461,0
2462,0
2463,1
2464,3
2465,24
2466,35
2467,35
2468,1
2469,0
2470,35
2471,0
2472,0
2473,0
2474,9
2475,0
2476,3
2477,1
2478,0
2479,0
2480,0
2481,21
2482,5
2483,3
2484,12
2485,10
2486,0
2487,2
2488,1
2489,0
2490,1
2491,0
2492,0
2493,0
2494,0
2495,0
2496,3
2497,0
2498,13
2499,10
2500,0
2501,35
2502,0
2503,0
2504,0
2505,0
2506,0
2507,0
2508,34
2509,0
2510,35
2511,0
2512,0
2513,4
2514,3
2515,1
2516,0
2517,35
2518,14
2519,1
2520,3
2521,9
2522,0
2523,35
2524,0
2525,0
2526,2
2527,35
2528,29
2529,0
2530,1
2531,0
2532,1
2533,3
2534,18
2535,24
2536,0
2537,0
2538,0
2539,1
2540,3
2541,3
2542,0
2543,3
2544,35
2545,0
2546,0
2547,0
2548,24
2549,0
2550,0
2551,30
2552,0
2553,0
2554,0
2555,13
2556,35
2557,5
2558,0
2559,1
2560,0
2561,0
2562,17
2563,1
2564,35
2565,0
2566,0
2567,5
2568,1
2569,13
2570,35
2571,2
2572,0
2573,0
2574,0
2575,35
2576,4
2577,0
2578,13
2579,0
2580,0
2581,1
2582,2
2583,25
2584,2
2585,0
2586,22
2587,0
2588,4
2589,0
2590,9
2591,0
2592,29
2593,34
2594,0
2595,0
2596,0
2597,0
2598,0
2599,0
2600,0
2601,3
2602,1
2603,0
2604,25
2605,36
2606,4
2607,1
2608,18
2609,0
2610,5
2611,1
2612,3
2613,0
2614,11
2615,13
2616,14
2617,0
2618,1
2619,0
2620,0
2621,0
2622,0
2623,0
2624,13
2625,22
2626,0
2627,0
2628,0
2629,0
2630,17
2631,0
2632,0
2633,10
2634,35
2635,0
2636,3
2637,35
2638,0
2639,0
2640,0
2641,1
2642,0
2643,0
2644,13
2645,10
2646,1
2647,19
2648,9
2649,0
2650,25
2651,21
2652,34
2653,35
2654,0
2655,0
2656,5
2657,2
2658,35
2659,0
2660,0
2661,35
2662,36
2663,13
2664,18
2665,0
2666,25
2667,12
2668,0
2669,35
2670,35
2671,0
2672,15
2673,21
2674,0
2675,35
2676,0
2677,10
2678,1
2679,0
2680,0
2681,0
2682,5
2683,21
2684,0
2685,0
2686,0
2687,0
2688,0
2689,0
2690,1
2691,35
2692,29
2693,0
2694,2
2695,1
2696,11
2697,34
2698,1
2699,1
2700,13
2701,35
2702,0
2703,25
2704,0
2705,5
2706,0
2707,3
2708,0
2709,5
2710,0
2711,1
2712,0
2713,5
2714,0
2715,17
2716,35
2717,1
2718,1
2719,0
2720,0
2721,0
2722,29
2723,3
2724,0
2725,35
2726,3
2727,0
2728,0
2729,12
2730,12
2731,1
2732,0
2733,0
2734,35
2735,0
2736,0
2737,0
2738,35
2739,0
2740,2
2741,35
2742,1
2743,0
2744,3
2745,34
2746,0
2747,5
2748,6
2749,0
2750,0
2751,35
2752,3
2753,1
2754,0
2755,0
2756,0
2757,0
2758,0
2759,0
2760,1
2761,25
2762,0
2763,21
2764,10
2765,13
2766,1
2767,3
2768,0
2769,0
2770,35
2771,4
2772,2
2773,0
2774,3
2775,0
2776,0
2777,0
2778,0
2779,1
2780,0
2781,35
2782,0
2783,35
2784,0
2785,35
2786,0
2787,25
2788,0
2789,0
2790,0
2791,0
2792,3
2793,0
2794,13
2795,34
2796,0
2797,0
2798,38
2799,0
2800,35
2801,35
2802,1
2803,0
2804,35
2805,35
2806,2
2807,6
2808,3
2809,35
2810,0
2811,3
2812,25
2813,35
2814,13
2815,1
2816,26
2817,24
2818,0
2819,1
2820,0
2821,0
2822,1
2823,0
2824,0
2825,0
2826,0
2827,0
2828,0
2829,0
2830,3
2831,0
2832,18
2833,35
2834,35
2835,24
2836,0
2837,1
2838,0
2839,18
2840,0
2841,0
2842,0
2843,35
2844,4
2845,1
2846,25
2847,0
2848,0
2849,0
2850,0
2851,0
2852,0
2853,0
2854,1
2855,0
2856,35
2857,0
2858,0
2859,0
2860,3
2861,10
2862,0
2863,35
2864,0
2865,0
2866,0
2867,1
2868,34
2869,0
2870,1
2871,0
2872,0
2873,17
2874,0
2875,3
2876,0
2877,1
2878,1
2879,0
2880,1
2881,0
2882,3
2883,0
2884,1
2885,12
2886,17
2887,12
2888,24
2889,35
2890,0
2891,35
2892,1
2893,35
2894,0
2895,0
2896,1
2897,13
2898,18
2899,29
2900,13
2901,0
2902,0
2903,0
2904,0
2905,4
2906,0
2907,34
2908,1
2909,0
2910,0
2911,3
2912,1
2913,1
2914,35
2915,0
2916,21
2917,38
2918,3
2919,1
2920,0
2921,35
2922,0
2923,0
2924,25
2925,1
2926,0
2927,13
2928,0
2929,0
2930,0
2931,1
2932,1
2933,0
2934,0
2935,0
2936,4
2937,3
2938,1
2939,14
2940,1
2941,1
2942,0
2943,0
2944,35
2945,0
2946,8
2947,3
2948,1
2949,30
2950,35
2951,24
2952,1
2953,0
2954,0
2955,0
2956,38
2957,1
2958,0
2959,1
2960,0
2961,38
2962,29
2963,0
2964,0
2965,0
2966,38
2967,0
2968,9
2969,25
2970,1
2971,13
2972,0
2973,1
2974,0
2975,0
2976,0
2977,0
2978,1
2979,35
2980,0
2981,0
2982,0
2983,29
2984,28
2985,30
2986,0
2987,1
2988,35
2989,0
2990,0
2991,0
2992,0
2993,34
2994,12
2995,21
2996,35
2997,1
2998,0
2999,0
3000,35
3001,0
3002,34
3003,0
3004,0
3005,0
3006,0
3007,35
3008,0
3009,0
3010,6
3011,3
3012,0
3013,0
3014,25
3015,6
3016,0
3017,0
3018,0
3019,0
3020,35
3021,9
3022,35
3023,2
3024,10
3025,0
3026,0
3027,34
3028,0
3029,3
3030,35
3031,0
3032,21
3033,38
3034,0
3035,1
3036,35
3037,1
3038,1
3039,24
3040,35
3041,28
3042,21
3043,21
3044,6
3045,0
3046,9
3047,35
3048,1
3049,18
3050,0
3051,0
3052,21
3053,4
3054,0
3055,0
3056,0
3057,0
3058,14
3059,0
3060,0
3061,0
3062,0
3063,5
3064,0
3065,3
3066,35
3067,0
3068,30
3069,0
3070,39
3071,0
3072,0
3073,0
3074,0
3075,3
3076,35
3077,0
3078,1
3079,0
3080,4
3081,0
3082,0
3083,0
3084,25
3085,13
3086,0
3087,0
3088,2
3089,35
3090,24
3091,6
3092,0
3093,21
3094,0
3095,0
3096,0
3097,0
3098,35
3099,17
3100,1
3101,1
3102,29
3103,0
3104,35
3105,0
3106,18
3107,18
3108,34
3109,35
3110,1
3111,0
3112,0
3113,0
3114,0
3115,35
3116,3
3117,35
3118,5
3119,3
3120,0
3121,12
3122,0
3123,1
3124,0
3125,1
3126,35
3127,17
3128,0
3129,21
3130,1
3131,0
3132,35
3133,0
3134,12
3135,0
3136,0
3137,1
3138,0
3139,0
3140,0
3141,0
3142,35
3143,28
3144,1
3145,13
3146,17
3147,21
3148,3
3149,0
3150,35
3151,1
3152,0
3153,0
3154,0
3155,0
3156,4
3157,0
3158,0
3159,0
3160,1
3161,0
3162,0
3163,12
3164,36
3165,8
3166,29
3167,0
3168,14
3169,3
3170,35
3171,35
3172,1
3173,13
3174,13
3175,35
3176,12
3177,13
3178,3
3179,1
3180,13
3181,0
3182,1
3183,0
3184,13
3185,14
3186,0
3187,13
3188,0
3189,0
3190,3
3191,9
3192,0
3193,35
3194,0
3195,3
3196,3
3197,38
3198,0
3199,2
3200,0
3201,0
3202,0
3203,1
3204,32
3205,0
3206,35
3207,0
3208,34
3209,1
3210,6
3211,5
3212,34
3213,13
3214,14
3215,0
3216,13
3217,35
3218,0
3219,25
3220,34
3221,0
3222,0
3223,5
3224,38
3225,35
3226,0
3227,1
3228,1
3229,0
3230,28
3231,0
3232,10
3233,0
3234,0
3235,0
3236,35
3237,18
3238,0
3239,30
3240,0
3241,13
3242,35
3243,18
3244,0
3245,0
3246,2
3247,0
3248,3
3249,35
3250,0
3251,0
3252,0
3253,0
3254,12
3255,4
3256,12
3257,0
3258,39
3259,35
3260,0
3261,1
3262,2
3263,0
3264,1
3265,0
3266,8
3267,1
3268,35
3269,0
3270,1
3271,0
3272,1
3273,35
3274,0
3275,3
3276,0
3277,1
3278,8
3279,9
3280,0
3281,0
3282,35
3283,3
3284,0
3285,38
3286,0
3287,3
3288,35
3289,35
3290,0
3291,3
3292,38
3293,14
3294,1
3295,0
3296,1
3297,0
3298,0
3299,1
3300,0
3301,0
3302,0
3303,3
3304,0
3305,30
3306,1
3307,25
3308,23
3309,12
3310,28
3311,1
3312,0
3313,3
3314,39
3315,0
3316,0
3317,12
3318,0
3319,2
3320,3
3321,1
3322,35
3323,0
3324,35
3325,8
3326,0
3327,1
3328,0
3329,23
3330,13
3331,30
3332,0
3333,0
3334,0
3335,0
3336,0
3337,0
3338,35
3339,0
3340,0
3341,35
3342,0
3343,0
3344,35
3345,25
3346,0
3347,0
3348,0
3349,0
3350,18
3351,1
3352,2
3353,18
3354,18
3355,35
3356,1
3357,0
3358,18
3359,0
3360,0
3361,5
3362,1
3363,5
3364,0
3365,3
3366,35
3367,0
3368,0
3369,0
3370,36
3371,1
3372,25
3373,1
3374,29
3375,0
3376,0
3377,0
3378,1
3379,18
3380,0
3381,0
3382,0
3383,3
3384,0
3385,0
3386,0
3387,24
3388,0
3389,4
3390,1
3391,1
3392,4
3393,0
3394,18
3395,1
3396,35
3397,3
3398,35
3399,0
3400,0
3401,17
3402,28
3403,34
3404,3
3405,14
3406,0
3407,35
3408,1
3409,0
3410,14
3411,0
3412,3
3413,4
3414,0
3415,0
3416,0
3417,13
3418,0
3419,12
3420,35
3421,1
3422,0
3423,0
3424,0
3425,36
3426,0
3427,35
3428,1
3429,35
3430,0
3431,0
3432,0
3433,0
3434,35
3435,17
3436,18
3437,2
3438,2
3439,1
3440,5
3441,0
3442,0
3443,13
3444,13
3445,35
3446,34
3447,0
3448,0
3449,0
3450,34
3451,0
3452,17
3453,35
3454,0
3455,14
3456,3
3457,35
3458,13
3459,34
3460,2
3461,0
3462,34
3463,0
3464,35
3465,25
3466,0
3467,5
3468,0
3469,8
3470,0
3471,0
3472,0
3473,1
3474,3
3475,0
3476,0
3477,3
3478,0
3479,0
3480,0
3481,0
3482,0
3483,0
3484,13
3485,9
3486,0
3487,0
3488,0
3489,0
3490,0
3491,3
3492,3
3493,13
3494,0
3495,0
3496,1
3497,1
3498,8
3499,12
3500,0
3501,6
3502,0
3503,35
3504,12
3505,6
3506,35
3507,17
3508,13
3509,35
3510,0
3511,0
3512,35
3513,35
3514,0
3515,35
3516,35
3517,0
3518,24
3519,0
3520,1
3521,0
3522,1
3523,3
3524,4
3525,0
3526,0
3527,36
3528,8
3529,35
3530,3
3531,35
3532,24
3533,0
3534,0
3535,1
3536,35
3537,1
3538,0
3539,3
3540,0
3541,35
3542,0
3543,1
3544,0
3545,0
3546,10
3547,0
3548,0
3549,0
3550,0
3551,25
3552,35
3553,13
3554,17
3555,29
3556,35
3557,35
3558,0
3559,0
3560,12
3561,1
3562,0
3563,35
3564,0
3565,9
3566,0
3567,35
3568,24
3569,39
3570,35
3571,5
3572,1
3573,1
3574,3
3575,0
3576,14
3577,0
3578,35
3579,0
3580,4
3581,0
3582,35
3583,35
3584,8
3585,0
3586,21
3587,0
3588,0
3589,0
3590,4
3591,3
3592,3
3593,21
3594,1
3595,3
3596,0
3597,34
3598,0
3599,4
3600,4
3601,0
3602,0
3603,1
3604,0
3605,2
3606,1
3607,1
3608,23
3609,1
3610,0
3611,35
3612,0
3613,34
3614,0
3615,0
3616,12
3617,0
3618,35
3619,0
3620,0
3621,35
3622,0
3623,37
3624,3
3625,3
3626,36
3627,0
3628,35
3629,0
3630,35
3631,0
3632,18
3633,12
3634,5
3635,0
3636,0
3637,0
3638,38
3639,6
3640,18
3641,4
3642,25
3643,0
3644,1
3645,17
3646,8
3647,0
3648,0
3649,35
3650,0
3651,0
3652,25
3653,35
3654,34
3655,1
3656,0
3657,0
3658,3
3659,19
3660,0
3661,0
3662,0
3663,0
3664,18
3665,1
3666,18
3667,0
3668,0
3669,0
3670,0
3671,35
3672,1
3673,1
3674,0
3675,0
3676,25
3677,0
3678,0
3679,0
3680,35
3681,35
3682,0
3683,35
3684,0
3685,0
3686,28
3687,5
3688,0
3689,18
3690,0
3691,3
3692,1
3693,0
3694,0
3695,1
3696,0
3697,6
3698,0
3699,0
3700,3
3701,0
3702,0
3703,0
3704,1
3705,35
3706,0
3707,0
3708,0
3709,0
3710,4
3711,21
3712,1
3713,35
3714,6
3715,0
3716,0
3717,0
3718,5
3719,34
3720,0
3721,0
3722,35
3723,0
3724,0
3725,0
3726,7
3727,24
3728,22
3729,0
3730,0
3731,0
3732,1
3733,0
3734,0
3735,0
3736,0
3737,0
3738,0
3739,0
3740,0
3741,0
3742,25
3743,9
3744,0
3745,10
3746,0
3747,35
3748,0
3749,0
3750,0
3751,34
3752,39
3753,8
3754,1
3755,1
3756,0
3757,1
3758,18
3759,4
3760,34
3761,21
3762,25
3763,1
3764,2
3765,0
3766,35
3767,21
3768,0
3769,0
3770,0
3771,0
3772,34
3773,35
3774,3
3775,35
3776,15
3777,2
3778,1
3779,1
3780,38
3781,0
3782,35
3783,1
3784,0
3785,18
3786,1
3787,0
3788,13
3789,0
3790,34
3791,10
3792,35
3793,3
3794,0
3795,0
3796,1
3797,15
3798,1
3799,3
3800,0
3801,0
3802,13
3803,0
3804,0
3805,1
3806,5
3807,29
3808,18
3809,1
3810,8
3811,0
3812,2
3813,0
3814,1
3815,0
3816,0
3817,0
3818,0
3819,35
3820,5
3821,13
3822,35
3823,1
3824,1
3825,0
3826,0
3827,2
3828,1
3829,9
3830,35
3831,4
3832,13
3833,0
3834,14
3835,34
3836,0
3837,9
3838,0
3839,0
3840,21
3841,4
3842,29
3843,35
3844,35
3845,9
3846,0
3847,10
3848,0
3849,14
3850,0
3851,0
3852,1
3853,35
3854,3
3855,0
3856,0
3857,2
3858,0
3859,1
3860,0
3861,35
3862,0
3863,0
3864,35
3865,17
3866,0
3867,1
3868,0
3869,35
3870,0
3871,0
3872,0
3873,1
3874,0
3875,0
3876,24
3877,25
3878,3
3879,0
3880,1
3881,1
3882,35
3883,0
3884,35
3885,0
3886,10
3887,0
3888,0
3889,0
3890,0
3891,25
3892,35
3893,39
3894,35
3895,25
3896,0
3897,0
3898,1
3899,17
3900,18
3901,0
3902,0
3903,35
3904,5
3905,0
3906,1
3907,0
3908,0
3909,0
3910,3
3911,35
3912,0
3913,0
3914,1
3915,30
3916,2
3917,0
3918,35
3919,0
3920,5
3921,3
3922,3
3923,35
3924,37
3925,30
3926,3
3927,35
3928,0
3929,0
3930,0
3931,0
3932,0
3933,38
3934,0
3935,0
3936,3
3937,0
3938,0
3939,3
3940,1
3941,0
3942,14
3943,0
3944,35
3945,17
3946,0
3947,4
3948,0
3949,0
3950,0
3951,0
3952,4
3953,0
3954,0
3955,35
3956,0
3957,0
3958,0
3959,0
3960,12
3961,38
3962,0
3963,5
3964,0
3965,12
3966,0
3967,35
3968,0
3969,1
3970,36
3971,0
3972,0
3973,0
3974,0
3975,0
3976,17
3977,0
3978,1
3979,3
3980,0
3981,0
3982,1
3983,0
3984,35
3985,35
3986,0
3987,0
3988,4
3989,3
3990,35
3991,0
3992,0
3993,0
3994,34
3995,0
3996,1
3997,1
3998,1
3999,35
4000,0
4001,0
4002,0
4003,0
4004,0
4005,0
4006,35
4007,0
4008,35
4009,35
4010,1
4011,0
4012,0
4013,1
4014,0
4015,0
4016,1
4017,25
4018,21
4019,3
4020,4
4021,21
4022,35
4023,0
4024,0
4025,0
4026,0
4027,35
4028,0
4029,13
4030,36
4031,10
4032,34
4033,1
4034,0
4035,1
4036,6
4037,17
4038,0
4039,0
4040,35
4041,0
4042,1
4043,35
4044,0
4045,35
4046,0
4047,13
4048,8
4049,35
4050,3
4051,0
4052,25
4053,0
4054,0
4055,1
4056,0
4057,0
4058,0
4059,0
4060,34
4061,0
4062,18
4063,0
4064,1
4065,0
4066,1
4067,13
4068,0
4069,0
4070,37
4071,1
4072,5
4073,5
4074,1
4075,0
4076,10
4077,4
4078,9
4079,0
4080,3
4081,4
4082,0
4083,0
4084,0
4085,1
4086,0
4087,25
4088,0
4089,35
4090,13
4091,0
4092,0
4093,0
4094,29
4095,0
4096,35
4097,34
4098,0
4099,0
4100,1
4101,0
4102,1
4103,35
4104,0
4105,3
4106,3
4107,0
4108,12
4109,0
4110,1
4111,1
4112,36
4113,5
4114,14
4115,1
4116,0
4117,35
4118,38
4119,0
4120,10
4121,35
4122,4
4123,0
4124,0
4125,0
4126,0
4127,0
4128,0
4129,0
4130,12
4131,5
4132,0
4133,0
4134,0
4135,35
4136,0
4137,3
4138,17
4139,34
4140,0
4141,13
4142,1
4143,0
4144,35
4145,34
4146,9
4147,0
4148,0
4149,0
4150,22
4151,0
4152,0
4153,21
4154,0
4155,24
4156,0
4157,0
4158,0
4159,0
4160,1
4161,14
4162,6
4163,1
4164,0
4165,1
4166,1
4167,0
4168,0
4169,21
4170,0
4171,17
4172,21
4173,35
4174,0
4175,1
4176,39
4177,0
4178,35
4179,0
4180,0
4181,0
4182,6
4183,0
4184,0
4185,0
4186,35
4187,0
4188,12
4189,35
4190,2
4191,35
4192,3
4193,9
4194,23
4195,0
4196,1
4197,0
4198,35
4199,4
4200,0
4201,35
4202,0
4203,29
4204,0
4205,0
4206,6
4207,1
4208,0
4209,0
4210,1
4211,35
4212,35
4213,13
4214,3
4215,0
4216,0
4217,12
4218,0
4219,35
4220,35
4221,0
4222,2
4223,13
4224,34
4225,15
4226,1
4227,0
4228,5
4229,0
4230,0
4231,35
4232,3
4233,9
4234,0
4235,1
4236,0
4237,25
4238,35
4239,3
4240,0
4241,0
4242,0
4243,0
4244,0
4245,0
4246,3
4247,1
4248,0
4249,28
4250,6
4251,0
4252,0
4253,0
4254,3
4255,0
4256,1
4257,0
4258,35
4259,7
4260,0
4261,0
4262,13
4263,3
4264,35
4265,0
4266,17
4267,0
4268,0
4269,0
4270,4
4271,0
4272,0
4273,0
4274,0
4275,34
4276,17
4277,35
4278,0
4279,34
4280,0
4281,1
4282,3
4283,13
4284,1
4285,25
4286,3
4287,0
4288,5
4289,0
4290,0
4291,38
4292,0
4293,35
4294,10
4295,0
4296,10
4297,3
4298,34
4299,0
4300,0
4301,17
4302,21
4303,13
4304,3
4305,0
4306,0
4307,35
4308,35
4309,0
4310,0
4311,21
4312,0
4313,1
4314,0
4315,0
4316,0
4317,35
4318,0
4319,0
4320,0
4321,34
4322,0
4323,12
4324,34
4325,3
4326,0
4327,0
4328,0
4329,0
4330,0
4331,3
4332,0
4333,0
4334,21
4335,0
4336,1
4337,13
4338,0
4339,0
4340,5
4341,3
4342,1
4343,0
4344,35
4345,0
4346,0
4347,0
4348,30
4349,0
4350,0
4351,13
4352,0
4353,0
4354,3
4355,0
4356,0
4357,0
4358,35
4359,0
4360,25
4361,1
4362,0
4363,0
4364,0
4365,5
4366,0
4367,15
4368,35
4369,1
4370,1
4371,0
4372,0
4373,0
4374,18
4375,35
4376,0
4377,0
4378,0
4379,0
4380,5
4381,1
4382,0
4383,25
4384,1
4385,0
4386,0
4387,29
4388,1
4389,0
4390,18
4391,0
4392,0
4393,1
4394,28
4395,14
4396,0
4397,5
4398,0
4399,36
4400,17
4401,1
4402,0
4403,0
4404,0
4405,38
4406,0
4407,0
4408,35
4409,0
4410,28
4411,0
4412,0
4413,34
4414,6
4415,35
4416,12
4417,3
4418,1
4419,0
4420,3
4421,34
4422,24
4423,30
4424,25
4425,38
4426,10
4427,0
4428,12
4429,29
4430,0
4431,0
4432,0
4433,0
4434,24
4435,3
4436,0
4437,25
4438,0
4439,35
4440,12
4441,0
4442,35
4443,1
4444,0
4445,13
4446,3
4447,0
4448,0
4449,5
4450,0
4451,1
4452,7
4453,0
4454,12
4455,0
4456,0
4457,0
4458,3
4459,1
4460,0
4461,3
4462,1
4463,1
4464,13
4465,0
4466,0
4467,0
4468,0
4469,1
4470,0
4471,0
4472,8
4473,0
4474,4
4475,1
4476,0
4477,8
4478,0
4479,35
4480,0
4481,29
4482,13
4483,18
4484,12
4485,0
4486,17
4487,0
4488,0
4489,23
4490,14
4491,0
4492,15
4493,1
4494,39
4495,5
4496,0
4497,0
4498,0
4499,28
4500,0
4501,0
4502,0
4503,34
4504,38
4505,0
4506,1
4507,37
4508,1
4509,0
4510,35
4511,5
4512,9
4513,36
4514,25
4515,0
4516,0
4517,0
4518,4
4519,34
4520,35
4521,35
4522,0
4523,1
4524,4
4525,0
4526,13
4527,0
4528,0
4529,0
4530,0
4531,8
4532,3
4533,35
4534,35
4535,0
4536,0
4537,0
4538,1
4539,0
4540,0
4541,17
4542,25
4543,0
4544,0
4545,13
4546,30
4547,0
4548,0
4549,1
4550,0
4551,0
4552,0
4553,29
4554,0
4555,0
4556,3
4557,2
4558,1
4559,0
4560,18
4561,0
4562,1
4563,0
4564,0
4565,35
4566,4
4567,1
4568,1
4569,35
4570,3
4571,3
4572,0
4573,0
4574,18
4575,0
4576,0
4577,0
4578,0
4579,0
4580,15
4581,19
4582,3
4583,1
4584,35
4585,0
4586,34
4587,0
4588,0
4589,1
4590,0
4591,0
4592,0
4593,18
4594,35
4595,0
4596,0
4597,0
4598,1
4599,1
4600,0
4601,3
4602,0
4603,0
4604,0
4605,1
4606,17
4607,0
4608,16
4609,14
4610,0
4611,9
4612,0
4613,0
4614,17
4615,0
4616,0
4617,12
4618,3
4619,0
4620,35
4621,1
4622,1
4623,35
4624,35
4625,8
4626,35
4627,0
4628,35
4629,0
4630,0
4631,35
4632,0
4633,0
4634,0
4635,4
4636,0
4637,0
4638,0
4639,0
4640,0
4641,10
4642,3
4643,3
4644,0
4645,0
4646,3
4647,0
4648,34
4649,1
4650,1
4651,0
4652,1
4653,14
4654,0
4655,0
4656,0
4657,0
4658,0
4659,35
4660,0
4661,0
4662,25
4663,0
4664,1
4665,0
4666,0
4667,0
4668,0
4669,3
4670,35
4671,0
4672,35
4673,0
4674,3
4675,0
4676,35
4677,13
4678,0
4679,0
4680,3
4681,0
4682,30
4683,12
4684,0
4685,1
4686,0
4687,13
4688,0
4689,0
4690,0
4691,0
4692,35
4693,12
4694,8
4695,0
4696,0
4697,25
4698,3
4699,16
4700,34
4701,0
4702,0
4703,0
4704,0
4705,3
4706,3
4707,3
4708,35
4709,35
4710,17
4711,1
4712,3
4713,0
4714,1
4715,0
4716,0
4717,0
4718,2
4719,0
4720,1
4721,3
4722,5
4723,18
4724,0
4725,0
4726,1
4727,0
4728,0
4729,0
4730,0
4731,35
4732,1
4733,0
4734,0
4735,1
4736,3
4737,1
4738,0
4739,4
4740,1
4741,0
4742,35
4743,5
4744,0
4745,1
4746,18
4747,35
4748,36
4749,21
4750,0
4751,12
4752,0
4753,1
4754,0
4755,0
4756,35
4757,1
4758,0
4759,0
4760,0
4761,0
4762,16
4763,35
4764,21
4765,10
4766,25
4767,0
4768,1
4769,18
4770,0
4771,0
4772,0
4773,0
4774,35
4775,38
4776,3
4777,0
4778,0
4779,39
4780,4
4781,2
4782,38
4783,0
4784,35
4785,0
4786,38
4787,35
4788,38
4789,35
4790,0
4791,2
4792,29
4793,0
4794,35
4795,35
4796,0
4797,17
4798,35
4799,0
4800,35
4801,12
4802,0
4803,0
4804,0
4805,17
4806,3
4807,0
4808,17
4809,1
4810,25
4811,0
4812,0
4813,0
4814,14
4815,0
4816,0
4817,1
4818,38
4819,34
4820,0
4821,24
4822,34
4823,0
4824,0
4825,0
4826,21
4827,0
4828,0
4829,0
4830,3
4831,0
4832,0
4833,17
4834,35
4835,34
4836,13
4837,0
4838,17
4839,0
4840,0
4841,12
4842,35
4843,0
4844,0
4845,13
4846,18
4847,25
4848,36
4849,25
4850,0
4851,6
4852,0
4853,0
4854,0
4855,1
4856,34
4857,0
4858,0
4859,2
4860,3
4861,35
4862,0
4863,0
4864,4
4865,0
4866,0
4867,0
4868,12
4869,0
4870,35
4871,34
4872,0
4873,0
4874,36
4875,35
4876,35
4877,0
4878,5
4879,10
4880,3
4881,0
4882,0
4883,0
4884,0
4885,0
4886,5
4887,0
4888,0
4889,0
4890,35
4891,33
4892,1
4893,0
4894,0
4895,0
4896,0
4897,0
4898,0
4899,17
4900,0
4901,18
4902,1
4903,0
4904,34
4905,18
4906,0
4907,0
4908,14
4909,0
4910,24
4911,35
4912,36
4913,0
4914,12
4915,8
4916,3
4917,10
4918,0
4919,0
4920,3
4921,0
4922,0
4923,0
4924,0
4925,35
4926,0
4927,0
4928,2
4929,35
4930,0
4931,30
4932,0
4933,0
4934,0
4935,13
4936,0
4937,0
4938,36
4939,0
4940,0
4941,0
4942,0
4943,35
4944,34
4945,17
4946,0
4947,0
4948,3
4949,0
4950,0
4951,0
4952,0
4953,1
4954,35
4955,0
4956,4
4957,0
4958,35
4959,34
4960,0
4961,2
4962,0
4963,1
4964,0
4965,1
4966,1
4967,0
4968,0
4969,35
4970,0
4971,35
4972,0
4973,0
4974,0
4975,0
4976,1
4977,1
4978,0
4979,24
4980,12
4981,0
4982,0
4983,0
4984,7
4985,1
4986,0
4987,1
4988,0
4989,0
4990,21
4991,3
4992,1
4993,0
4994,38
4995,12
4996,8
4997,38
4998,0
4999,0
5000,1
5001,0
5002,0
5003,0
5004,0
5005,1
5006,0
5007,0
5008,39
5009,1
5010,0
5011,35
5012,35
5013,0
5014,0
5015,0
5016,0
5017,1
5018,1
5019,0
5020,4
5021,0
5022,0
5023,0
5024,1
5025,3
5026,0
5027,3
5028,25
5029,0
5030,0
5031,1
5032,3
5033,0
5034,17
5035,0
5036,1
5037,0
5038,35
5039,18
5040,0
5041,0
5042,13
5043,0
5044,14
5045,8
5046,0
5047,28
5048,0
5049,0
5050,35
5051,34
5052,1
5053,3
5054,0
5055,35
5056,0
5057,0
5058,1
5059,35
5060,0
5061,0
5062,10
5063,1
5064,1
5065,0
5066,0
5067,35
5068,35
5069,1
5070,0
5071,18
5072,17
5073,1
5074,0
5075,21
5076,6
5077,35
5078,0
5079,35
5080,18
5081,0
5082,8
5083,35
5084,13
5085,24
5086,0
5087,3
5088,0
5089,0
5090,0
5091,35
5092,13
5093,0
5094,1
5095,35
5096,0
5097,3
5098,25
5099,0
5100,0
5101,18
5102,0
5103,2
5104,18
5105,1
5106,1
5107,3
5108,1
5109,0
5110,9
5111,0
5112,34
5113,4
5114,36
5115,35
5116,35
5117,35
5118,14
5119,0
5120,0
5121,0
5122,24
5123,1
5124,1
5125,0
5126,0
5127,0
5128,0
5129,1
5130,0
5131,35
5132,12
5133,17
5134,1
5135,0
5136,0
5137,1
5138,35
5139,35
5140,12
5141,0
5142,0
5143,35
5144,3
5145,18
5146,3
5147,1
5148,35
5149,0
5150,0
5151,34
5152,0
5153,1
5154,0
5155,0
5156,1
5157,0
5158,3
5159,3
5160,0
5161,1
5162,0
5163,1
5164,8
5165,3
5166,5
5167,0
5168,0
5169,0
5170,35
5171,0
5172,0
5173,13
5174,35
5175,0
5176,1
5177,5
5178,3
5179,34
5180,0
5181,0
5182,0
5183,35
5184,8
5185,39
5186,25
5187,0
5188,0
5189,0
5190,35
5191,0
5192,35
5193,0
5194,0
5195,3
5196,1
5197,0
5198,3
5199,0
5200,0
5201,0
5202,1
5203,17
5204,0
5205,0
5206,1
5207,34
5208,39
5209,3
5210,1
5211,0
5212,5
5213,35
5214,0
5215,0
5216,0
5217,13
5218,1
5219,0
5220,0
5221,4
5222,0
5223,0
5224,3
5225,0
5226,35
5227,19
5228,35
5229,0
5230,0
5231,0
5232,17
5233,0
5234,0
5235,35
5236,3
5237,35
5238,3
5239,0
5240,0
5241,0
5242,1
5243,35
5244,4
5245,0
5246,28
5247,0
5248,35
5249,25
5250,0
5251,29
5252,0
5253,18
5254,1
5255,1
5256,0
5257,14
5258,0
5259,5
5260,0
5261,0
5262,3
5263,0
5264,21
5265,0
5266,35
5267,1
5268,0
5269,0
5270,0
5271,4
5272,0
5273,3
5274,1
5275,18
5276,8
5277,0
5278,0
5279,0
5280,0
5281,10
5282,0
5283,0
5284,35
5285,1
5286,0
5287,0
5288,0
5289,24
5290,35
5291,0
5292,35
5293,13
5294,3
5295,3
5296,3
5297,0
5298,0
5299,0
5300,35
5301,6
5302,35
5303,0
5304,0
5305,35
5306,0
5307,3
5308,8
5309,0
5310,35
5311,0
5312,0
5313,35
5314,35
5315,0
5316,35
5317,14
5318,35
5319,0
5320,35
5321,9
5322,0
5323,1
5324,0
5325,0
5326,0
5327,0
5328,3
5329,14
5330,0
5331,13
5332,35
5333,35
5334,0
5335,0
5336,0
5337,8
5338,1
5339,1
5340,0
5341,35
5342,35
5343,0
5344,0
5345,14
5346,1
5347,0
5348,0
5349,17
5350,34
5351,0
5352,0
5353,0
5354,4
5355,0
5356,0
5357,0
5358,0
5359,17
5360,0
5361,35
5362,0
5363,35
5364,0
5365,0
5366,0
5367,0
5368,0
5369,0
5370,1
5371,1
5372,35
5373,35
5374,35
5375,0
5376,35
5377,35
5378,1
5379,21
5380,35
5381,5
5382,0
5383,35
5384,13
5385,0
5386,0
5387,0
5388,0
5389,0
5390,0
5391,0
5392,1
5393,35
5394,0
5395,0
5396,0
5397,0
5398,0
5399,35
5400,13
5401,0
5402,0
5403,0
5404,0
5405,0
5406,35
5407,0
5408,0
5409,0
5410,0
5411,3
5412,34
5413,3
5414,1
5415,0
5416,0
5417,0
5418,35
5419,21
5420,18
5421,0
5422,4
5423,0
5424,0
5425,0
5426,17
5427,25
5428,0
5429,17
5430,1
5431,35
5432,35
5433,39
5434,0
5435,0
5436,1
5437,38
5438,0
5439,5
5440,1
5441,0
5442,17
5443,1
5444,0
5445,5
5446,0
5447,1
5448,0
5449,34
5450,0
5451,3
5452,0
5453,1
5454,0
5455,35
5456,0
5457,0
5458,1
5459,0
5460,2
5461,2
5462,0
5463,35
5464,5
5465,0
5466,0
5467,21
5468,1
5469,0
5470,0
5471,0
5472,35
5473,10
5474,35
5475,35
5476,0
5477,3
5478,0
5479,0
5480,35
5481,1
5482,3
5483,0
5484,35
5485,0
5486,0
5487,34
5488,0
5489,1
5490,0
5491,0
5492,3
5493,1
5494,0
5495,0
5496,0
5497,0
5498,0
5499,10
5500,0
5501,0
5502,0
5503,0
5504,1
5505,0
5506,1
5507,0
5508,5
5509,0
5510,0
5511,1
5512,0
5513,39
5514,0
5515,0
5516,4
5517,18
5518,35
5519,17
5520,1
5521,0
5522,0
5523,3
5524,0
5525,13
5526,9
5527,0
5528,35
5529,0
5530,1
5531,0
5532,0
5533,35
5534,25
5535,0
5536,18
5537,1
5538,17
5539,0
5540,1
5541,18
5542,15
5543,0
5544,0
5545,2
5546,0
5547,0
5548,0
5549,35
5550,0
5551,0
5552,35
5553,0
5554,38
5555,1
5556,3
5557,24
5558,12
5559,0
5560,13
5561,4
5562,3
5563,8
5564,1
5565,21
5566,3
5567,3
5568,37
5569,34
5570,0
5571,13
5572,35
5573,21
5574,0
5575,25
5576,1
5577,0
5578,0
5579,3
5580,0
5581,22
5582,35
5583,0
5584,18
5585,0
5586,0
5587,38
5588,1
5589,0
5590,0
5591,0
5592,0
5593,35
5594,35
5595,3
5596,35
5597,0
5598,1
5599,0
5600,0
5601,5
5602,15
5603,5
5604,0
5605,0
5606,2
5607,21
5608,0
5609,0
5610,12
5611,3
5612,35
5613,0
5614,3
5615,0
5616,0
5617,3
5618,0
5619,0
5620,0
5621,17
5622,10
5623,8
5624,0
5625,3
5626,1
5627,38
5628,0
5629,0
5630,2
5631,1
5632,0
5633,0
5634,0
5635,0
5636,0
5637,0
5638,28
5639,0
5640,0
5641,1
5642,35
5643,3
5644,0
5645,7
5646,0
5647,0
5648,0
5649,0
5650,35
5651,34
5652,35
5653,0
5654,0
5655,4
5656,0
5657,36
5658,3
5659,0
5660,3
5661,35
5662,0
5663,0
5664,9
5665,0
5666,0
5667,28
5668,6
5669,0
5670,0
5671,0
5672,13
5673,0
5674,29
5675,35
5676,0
5677,0
5678,21
5679,0
5680,35
5681,25
5682,13
5683,35
5684,0
5685,0
5686,1
5687,9
5688,0
5689,0
5690,0
5691,1
5692,35
5693,1
5694,1
5695,0
5696,3
5697,0
5698,35
5699,1
5700,0
5701,35
5702,18
5703,6
5704,0
5705,25
5706,29
5707,3
5708,3
5709,0
5710,0
5711,3
5712,35
5713,0
5714,13
5715,1
5716,10
5717,1
5718,0
5719,0
5720,0
5721,0
5722,0
5723,34
5724,0
5725,0
5726,39
5727,1
5728,0
5729,35
5730,18
5731,0
5732,0
5733,1
5734,38
5735,35
5736,0
5737,0
5738,1
5739,0
5740,25
5741,1
5742,0
5743,0
5744,0
5745,0
5746,25
5747,21
5748,35
5749,0
5750,18
5751,13
5752,35
5753,0
5754,38
5755,0
5756,16
5757,38
5758,0
5759,38
5760,35
5761,1
5762,0
5763,5
5764,3
5765,8
5766,3
5767,0
5768,21
5769,0
5770,1
5771,38
5772,0
5773,1
5774,35
5775,2
5776,9
5777,0
5778,0
5779,35
5780,5
5781,0
5782,3
5783,14
5784,30
5785,17
5786,8
5787,0
5788,3
5789,0
5790,0
5791,0
5792,4
5793,1
5794,0
5795,0
5796,0
5797,0
5798,23
5799,35
5800,9
5801,35
5802,17
5803,0
5804,35
5805,0
5806,0
5807,0
5808,9
5809,0
5810,0
5811,14
5812,3
5813,1
5814,18
5815,0
5816,1
5817,0
5818,3
5819,0
5820,0
5821,0
5822,35
5823,21
5824,21
5825,13
5826,0
5827,25
5828,3
5829,1
5830,0
5831,0
5832,0
5833,0
5834,0
5835,1
5836,10
5837,0
5838,35
5839,0
5840,18
5841,0
5842,0
5843,12
5844,0
5845,28
5846,0
5847,35
5848,35
5849,14
5850,4
5851,10
5852,1
5853,0
5854,0
5855,0
5856,2
5857,0
5858,0
5859,9
5860,1
5861,3
5862,1
5863,13
5864,35
5865,6
5866,0
5867,0
5868,0
5869,10
5870,13
5871,35
5872,35
5873,0
5874,0
5875,0
5876,0
5877,12
5878,1
5879,0
5880,1
5881,4
5882,3
5883,35
5884,0
5885,0
5886,1
5887,34
5888,0
5889,35
5890,1
5891,0
5892,0
5893,0
5894,1
5895,18
5896,36
5897,3
5898,38
5899,35
5900,38
5901,0
5902,1
5903,5
5904,0
5905,1
5906,0
5907,12
5908,35
5909,0
5910,1
5911,38
5912,0
5913,18
5914,0
5915,0
5916,35
5917,0
5918,21
5919,12
5920,0
5921,35
5922,0
5923,35
5924,0
5925,38
5926,0
5927,35
5928,1
5929,0
5930,0
5931,2
5932,14
5933,35
5934,35
5935,0
5936,0
5937,0
5938,0
5939,13
5940,0
5941,2
5942,35
5943,1
5944,0
5945,1
5946,1
5947,23
5948,35
5949,0
5950,1
5951,0
5952,0
5953,0
5954,35
5955,0
5956,34
5957,1
5958,1
5959,0
5960,3
5961,35
5962,0
5963,1
5964,21
5965,18
5966,25
5967,35
5968,1
5969,0
5970,0
5971,0
5972,0
5973,0
5974,35
5975,1
5976,1
5977,0
5978,1
5979,35
5980,1
5981,1
5982,0
5983,4
5984,35
5985,0
5986,21
5987,0
5988,12
5989,8
5990,35
5991,35
5992,3
5993,35
5994,35
5995,12
5996,0
5997,0
5998,0
5999,0
6000,21
6001,0
6002,35
6003,3
6004,0
6005,3
6006,0
6007,0
6008,0
6009,35
6010,0
6011,17
6012,0
6013,0
6014,0
6015,4
6016,18
6017,5
6018,35
6019,36
6020,12
6021,0
6022,12
6023,35
6024,0
6025,12
6026,0
6027,1
6028,0
6029,0
6030,0
6031,1
6032,1
6033,0
6034,36
6035,0
6036,35
6037,1
6038,0
6039,15
6040,0
6041,0
6042,0
6043,18
6044,1
6045,10
6046,0
6047,0
6048,35
6049,24
6050,35
6051,0
6052,35
6053,0
6054,2
6055,1
6056,1
6057,5
6058,3
6059,1
6060,0
6061,0
6062,0
6063,35
6064,1
6065,1
6066,35
6067,1
6068,29
6069,0
6070,0
6071,0
6072,35
6073,35
6074,0
6075,2
6076,0
6077,21
6078,17
6079,0
6080,29
6081,38
6082,16
6083,38
6084,3
6085,35
6086,0
6087,4
6088,8
6089,1
6090,35
6091,1
6092,0
6093,35
6094,1
6095,34
6096,0
6097,5
6098,0
6099,7
6100,0
6101,13
6102,17
6103,12
6104,0
6105,0
6106,1
6107,0
6108,0
6109,0
6110,3
6111,13
6112,25
6113,1
6114,34
6115,0
6116,1
6117,1
6118,0
6119,12
6120,0
6121,13
6122,0
6123,0
6124,0
6125,35
6126,1
6127,0
6128,0
6129,0
6130,0
6131,34
6132,0
6133,0
6134,0
6135,18
6136,0
6137,0
6138,0
6139,12
6140,39
6141,0
6142,29
6143,2
6144,0
6145,0
6146,22
6147,3
6148,0
6149,28
6150,0
6151,13
6152,0
6153,0
6154,0
6155,13
6156,0
6157,1
6158,18
6159,18
6160,5
6161,0
6162,0
6163,0
6164,35
6165,0
6166,0
6167,0
6168,21
6169,0
6170,35
6171,39
6172,1
6173,1
6174,0
6175,0
6176,0
6177,3
6178,35
6179,39
6180,0
6181,0
6182,10
6183,0
6184,0
6185,13
6186,38
6187,0
6188,0
6189,5
6190,1
6191,1
6192,0
6193,2
6194,35
6195,0
6196,3
6197,0
6198,4
6199,0
6200,34
6201,0
6202,3
6203,35
6204,0
6205,1
6206,35
6207,18
6208,1
6209,25
6210,0
6211,0
6212,30
6213,29
6214,25
6215,0
6216,0
6217,0
6218,0
6219,2
6220,0
6221,0
6222,1
6223,0
6224,3
6225,35
6226,1
6227,35
6228,0
6229,3
6230,1
6231,21
6232,1
6233,29
6234,0
6235,3
6236,0
6237,35
6238,29
6239,3
6240,17
6241,17
6242,35
6243,1
6244,1
6245,0
6246,21
6247,0
6248,0
6249,8
6250,18
6251,0
6252,0
6253,0
6254,4
6255,0
6256,0
6257,0
6258,39
6259,0
6260,30
6261,30
6262,0
6263,0
6264,38
6265,3
6266,0
6267,0
6268,0
6269,0
6270,3
6271,17
6272,0
6273,13
6274,1
6275,1
6276,13
6277,0
6278,0
6279,24
6280,0
6281,39
6282,3
6283,36
6284,4
6285,0
6286,0
6287,0
6288,0
6289,34
6290,0
6291,35
6292,35
6293,18
6294,3
6295,1
6296,0
6297,13
6298,1
6299,39
6300,0
6301,35
6302,35
6303,25
6304,1
6305,18
6306,0
6307,0
6308,0
6309,0
6310,21
6311,1
6312,0
6313,11
6314,24
6315,0
6316,1
6317,5
6318,0
6319,0
6320,35
6321,18
6322,0
6323,0
6324,0
6325,1
6326,0
6327,0
6328,0
6329,0
6330,0
6331,0
6332,35
6333,1
6334,0
6335,1
6336,0
6337,0
6338,6
6339,0
6340,24
6341,13
6342,5
6343,3
6344,0
6345,0
6346,0
6347,0
6348,0
6349,25
6350,12
6351,34
6352,13
6353,35
6354,35
6355,0
6356,30
6357,0
6358,0
6359,0
6360,0
6361,1
6362,16
6363,13
6364,38
6365,1
6366,0
6367,21
6368,35
6369,3
6370,28
6371,30
6372,2
6373,35
6374,1
6375,0
6376,0
6377,35
6378,9
6379,3
6380,0
6381,35
6382,35
6383,5
6384,0
6385,34
6386,5
6387,17
6388,5
6389,0
6390,34
6391,0
6392,0
6393,5
6394,0
6395,0
6396,35
6397,6
6398,0
6399,0
6400,1
6401,35
6402,35
6403,34
6404,0
6405,0
6406,0
6407,14
6408,35
6409,1
6410,0
6411,0
6412,0
6413,38
6414,10
6415,25
6416,3
6417,35
6418,0
6419,13
6420,0
6421,1
6422,17
6423,13
6424,17
6425,0
6426,0
6427,0
6428,3
6429,0
6430,0
6431,25
6432,25
6433,0
6434,0
6435,0
6436,18
6437,0
6438,3
6439,0
6440,34
6441,0
6442,0
6443,34
6444,0
6445,35
6446,0
6447,1
6448,1
6449,0
6450,0
6451,0
6452,0
6453,5
6454,0
6455,0
6456,0
6457,29
6458,0
6459,0
6460,0
6461,0
6462,0
6463,3
6464,5
6465,35
6466,0
6467,0
6468,1
6469,3
6470,1
6471,1
6472,14
6473,0
6474,0
6475,0
6476,0
6477,3
6478,13
6479,35
6480,0
6481,18
6482,0
6483,0
6484,39
6485,3
6486,13
6487,0
6488,0
6489,15
6490,35
6491,0
6492,0
6493,25
6494,0
6495,0
6496,0
6497,35
6498,0
6499,3
6500,0
6501,12
6502,0
6503,0
6504,13
6505,3
6506,1
6507,0
6508,9
6509,5
6510,0
6511,17
6512,15
6513,0
6514,3
6515,0
6516,35
6517,24
6518,13
6519,35
6520,35
6521,35
6522,0
6523,13
6524,0
6525,38
6526,0
6527,0
6528,3
6529,1
6530,5
6531,0
6532,1
6533,1
6534,0
6535,0
6536,30
6537,14
6538,0
6539,35
6540,0
6541,35
6542,34
6543,0
6544,3
6545,0
6546,0
6547,25
6548,4
6549,5
6550,34
6551,39
6552,7
6553,0
6554,0
6555,0
6556,0
6557,18
6558,35
6559,0
6560,16
6561,0
6562,0
6563,0
6564,24
6565,35
6566,35
6567,1
6568,0
6569,0
6570,0
6571,0
6572,0
6573,1
6574,3
6575,29
6576,0
6577,35
6578,8
6579,1
6580,3
6581,30
6582,13
6583,5
6584,0
6585,5
6586,35
6587,0
6588,3
6589,35
6590,0
6591,0
6592,34
6593,0
6594,1
6595,35
6596,0
6597,1
6598,3
6599,38
6600,0
6601,0
6602,1
6603,0
6604,0
6605,0
6606,3
6607,15
6608,12
6609,0
6610,21
6611,25
6612,0
6613,0
6614,38
6615,23
6616,0
6617,18
6618,0
6619,0
6620,35
6621,0
6622,21
6623,0
6624,17
6625,1
6626,35
6627,35
6628,0
6629,0
6630,0
6631,13
6632,0
6633,21
6634,30
6635,3
6636,35
6637,35
6638,3
6639,1
6640,0
6641,0
6642,13
6643,0
6644,0
6645,0
6646,1
6647,0
6648,0
6649,8
6650,39
6651,11
6652,0
6653,0
6654,0
6655,0
6656,0
6657,18
6658,0
6659,29
6660,32
6661,17
6662,39
6663,0
6664,35
6665,0
6666,0
6667,1
6668,0
6669,35
6670,1
6671,0
6672,0
6673,0
6674,35
6675,35
6676,3
6677,25
6678,0
6679,0
6680,0
6681,4
6682,35
6683,0
6684,0
6685,0
6686,3
6687,0
6688,1
6689,35
6690,0
6691,0
6692,6
6693,38
6694,0
6695,34
6696,0
6697,0
6698,4
6699,12
6700,0
6701,35
6702,0
6703,0
6704,3
6705,35
6706,6
6707,1
6708,1
6709,13
6710,0
6711,3
6712,8
6713,4
6714,0
6715,1
6716,0
6717,38
6718,35
6719,34
6720,0
6721,35
6722,1
6723,30
6724,0
6725,0
6726,0
6727,25
6728,3
6729,0
6730,35
6731,35
6732,0
6733,0
6734,0
6735,34
6736,30
6737,1
6738,1
6739,0
6740,0
6741,3
6742,0
6743,0
6744,30
6745,0
6746,2
6747,5
6748,1
6749,0
6750,0
6751,35
6752,3
6753,0
6754,8
6755,35
6756,0
6757,0
6758,1
6759,18
6760,25
6761,0
6762,0
6763,0
6764,14
6765,34
6766,1
6767,29
6768,0
6769,0
6770,3
6771,0
6772,1
6773,0
6774,0
6775,0
6776,0
6777,1
6778,0
6779,0
6780,8
6781,36
6782,2
6783,0
6784,0
6785,35
6786,0
6787,35
6788,29
6789,35
6790,0
6791,1
6792,6
6793,0
6794,15
6795,38
6796,0
6797,1
6798,6
6799,34
6800,35
6801,1
6802,30
6803,35
6804,13
6805,5
6806,0
6807,35
6808,0
6809,35
6810,3
6811,0
6812,6
6813,0
6814,36
6815,0
6816,35
6817,0
6818,0
6819,24
6820,35
6821,3
6822,0
6823,35
6824,0
6825,0
6826,35
6827,35
6828,0
6829,0
6830,0
6831,13
6832,38
6833,12
6834,5
6835,0
6836,0
6837,5
6838,35
6839,0
6840,4
6841,7
6842,7
6843,0
6844,35
6845,35
6846,3
6847,0
6848,16
6849,0
6850,0
6851,0
6852,35
6853,0
6854,0
6855,1
6856,1
6857,12
6858,0
6859,1
6860,1
6861,0
6862,9
6863,4
6864,4
6865,8
6866,0
6867,3
6868,10
6869,0
6870,1
6871,0
6872,17
6873,0
6874,1
6875,7
6876,13
6877,13
6878,0
6879,0
6880,0
6881,35
6882,0
6883,0
6884,1
6885,35
6886,13
6887,3
6888,5
6889,35
6890,24
6891,14
6892,0
6893,1
6894,0
6895,35
6896,17
6897,13
6898,34
6899,0
6900,0
6901,0
6902,0
6903,3
6904,1
6905,0
6906,0
6907,30
6908,39
6909,34
6910,35
6911,0
6912,0
6913,0
6914,29
6915,0
6916,12
6917,0
6918,35
6919,35
6920,0
6921,3
6922,0
6923,0
6924,0
6925,0
6926,0
6927,0
6928,1
6929,1
6930,35
6931,34
6932,19
6933,0
6934,39
6935,13
6936,0
6937,0
6938,0
6939,3
6940,0
6941,0
6942,0
6943,0
6944,35
6945,34
6946,18
6947,0
6948,0
6949,1
6950,0
6951,13
6952,0
6953,0
6954,1
6955,10
6956,24
6957,0
6958,18
6959,0
6960,35
6961,0
6962,0
6963,35
6964,3
6965,13
6966,35
6967,1
6968,0
6969,35
6970,1
6971,35
6972,0
6973,0
6974,0
6975,0
6976,9
6977,0
6978,0
6979,5
6980,4
6981,0
6982,35
6983,1
6984,9
6985,22
6986,0
6987,0
6988,0
6989,0
6990,0
6991,0
6992,0
6993,0
6994,11
6995,1
6996,0
6997,0
6998,35
6999,4
7000,0
7001,0
7002,0
7003,3
7004,12
7005,1
7006,0
7007,9
7008,12
7009,0
7010,35
7011,0
7012,0
7013,0
7014,17
7015,0
7016,3
7017,0
7018,0
7019,15
7020,35
7021,2
7022,1
7023,0
7024,0
7025,35
7026,0
7027,35
7028,4
7029,0
7030,2
7031,16
7032,0
7033,35
7034,1
7035,0
7036,0
7037,1
7038,1
7039,1
7040,0
7041,0
7042,35
7043,0
7044,0
7045,22
7046,0
7047,0
7048,3
7049,8
7050,35
7051,6
7052,0
7053,0
7054,0
7055,0
7056,35
7057,0
7058,8
7059,3
7060,35
7061,3
7062,0
7063,38
7064,0
7065,0
7066,1
7067,29
7068,1
7069,18
7070,0
7071,0
7072,15
7073,3
7074,0
7075,1
7076,0
7077,2
7078,0
7079,0
7080,0
7081,0
7082,18
7083,0
7084,0
7085,5
7086,1
7087,0
7088,1
7089,34
7090,3
7091,1
7092,35
7093,0
7094,0
7095,3
7096,0
7097,0
7098,36
7099,0
7100,34
7101,5
7102,34
7103,35
7104,34
7105,0
7106,3
7107,17
7108,35
7109,0
7110,3
7111,14
7112,0
7113,0
7114,1
7115,1
7116,35
7117,0
7118,0
7119,34
7120,0
7121,8
7122,0
7123,0
7124,0
7125,25
7126,0
7127,0
7128,34
7129,3
7130,0
7131,0
7132,18
7133,5
7134,3
7135,0
7136,0
7137,13
7138,0
7139,18
7140,25
7141,1
7142,0
7143,0
7144,0
7145,35
7146,0
7147,8
7148,1
7149,0
7150,0
7151,0
7152,0
7153,0
7154,3
7155,2
7156,0
7157,0
7158,0
7159,0
7160,3
7161,3
7162,0
7163,1
7164,38
7165,0
7166,0
7167,35
7168,0
7169,1
7170,7
7171,3
7172,35
7173,13
7174,34
7175,30
7176,34
7177,1
7178,3
7179,25
7180,0
7181,6
7182,35
7183,1
7184,1
7185,10
7186,35
7187,1
7188,34
7189,0
7190,3
7191,35
7192,6
7193,0
7194,0
7195,3
7196,0
7197,0
7198,13
7199,1
7200,0
7201,8
7202,0
7203,0
7204,35
7205,0
7206,0
7207,12
7208,0
7209,1
7210,14
7211,0
7212,35
7213,35
7214,35
7215,17
7216,0
7217,0
7218,25
7219,0
7220,0
7221,0
7222,0
7223,0
7224,0
7225,1
7226,0
7227,0
7228,0
7229,0
7230,38
7231,22
7232,0
7233,24
7234,30
7235,21
7236,3
7237,0
7238,25
7239,0
7240,35
7241,0
7242,29
7243,18
7244,36
7245,18
7246,34
7247,18
7248,0
7249,0
7250,17
7251,0
7252,17
7253,5
7254,0
7255,5
7256,0
7257,13
7258,17
7259,0
7260,0
7261,0
7262,0
7263,17
7264,30
7265,35
7266,0
7267,3
7268,0
7269,28
7270,18
7271,3
7272,0
7273,0
7274,0
7275,28
7276,1
7277,1
7278,36
7279,36
7280,35
7281,17
7282,0
7283,1
7284,1
7285,13
7286,0
7287,0
7288,0
7289,35
7290,0
7291,0
7292,0
7293,1
7294,0
7295,4
7296,0
7297,28
7298,1
7299,1
7300,0
7301,0
7302,2
7303,1
7304,0
7305,0
7306,5
7307,0
7308,35
7309,0
7310,0
7311,1
7312,4
7313,0
7314,0
7315,1
7316,35
7317,0
7318,0
7319,0
7320,1
7321,0
7322,0
7323,0
7324,0
7325,0
7326,35
7327,0
7328,39
7329,0
7330,35
7331,12
7332,0
7333,0
7334,30
7335,0
7336,0
7337,0
7338,35
7339,0
7340,3
7341,17
7342,0
7343,0
7344,3
7345,39
7346,17
7347,19
7348,8
7349,13
7350,1
7351,0
7352,6
7353,4
7354,0
7355,1
7356,35
7357,0
7358,0
7359,1
7360,0
7361,0
7362,0
7363,3
7364,3
7365,0
7366,0
7367,0
7368,0
7369,1
7370,1
7371,0
7372,18
7373,12
7374,0
7375,18
7376,17
7377,35
7378,36
7379,3
7380,0
7381,0
7382,35
7383,35
7384,0
7385,39
7386,0
7387,0
7388,0
7389,13
7390,24
7391,12
7392,0
7393,0
7394,0
7395,1
7396,13
7397,0
7398,39
7399,0
7400,34
7401,1
7402,3
7403,17
7404,1
7405,35
7406,35
7407,35
7408,2
7409,0
7410,0
7411,34
7412,1
7413,1
7414,34
7415,35
7416,35
7417,24
7418,35
7419,35
7420,1
7421,2
7422,14
7423,1
7424,0
7425,35
7426,3
7427,0
7428,0
7429,0
7430,35
7431,0
7432,34
7433,0
7434,0
7435,0
7436,3
7437,35
7438,4
7439,2
7440,0
7441,12
7442,0
7443,24
7444,0
7445,0
7446,0
7447,0
7448,35
7449,21
7450,13
7451,1
7452,1
7453,0
7454,0
7455,0
7456,1
7457,34
7458,0
7459,3
7460,13
7461,35
7462,5
7463,35
7464,0
7465,1
7466,39
7467,1
7468,0
7469,3
7470,0
7471,34
7472,6
7473,3
7474,0
7475,14
7476,37
7477,0
7478,0
7479,35
7480,4
7481,39
7482,0
7483,0
7484,0
7485,36
7486,1
7487,35
7488,18
7489,12
7490,0
7491,0
7492,1
7493,0
7494,4
7495,0
7496,0
7497,1
7498,3
7499,0
7500,8
7501,2
7502,0
7503,35
7504,1
7505,38
7506,0
7507,3
7508,1
7509,0
7510,3
7511,25
7512,4
7513,1
7514,5
7515,0
7516,0
7517,3
7518,0
7519,39
7520,1
7521,25
7522,1
7523,3
7524,0
7525,10
